Category,Brand,Model
Bolt / Green / Pet / Women,AIWAYS,U5
Bolt / Green / Pet / Women,Alfa Romeo,Junior
Bolt / Green / Pet / Women,Alfa Romeo,Stelvio
Bolt / Green / Pet / Women,Alfa Romeo,Tonale
Bolt / Green / Pet / Women,Audi,A1 Sportback
Bolt / Green / Pet / Women,Audi,A3
Bolt / Green / Pet / Women,Audi,A3 Limousine
Bolt / Green / Pet / Women,Audi,A4
Bolt / Green / Pet / Women,Audi,A4 Allroad
Bolt / Green / Pet / Women,Audi,A4 Avant
Bolt / Green / Pet / Women,Audi,A5
Bolt / Green / Pet / Women,Audi,A6
Bolt / Green / Pet / Women,Audi,A7
Bolt / Green / Pet / Women,Audi,e-tron
Bolt / Green / Pet / Women,Audi,e-tron GT
Bolt / Green / Pet / Women,Audi,e-tron Sportback
Bolt / Green / Pet / Women,Audi,Q2
Bolt / Green / Pet / Women,Audi,Q3
Bolt / Green / Pet / Women,Audi,Q4 e-tron
Bolt / Green / Pet / Women,Audi,Q5
Bolt / Green / Pet / Women,Audi,Q5 Sportback
Bolt / Green / Pet / Women,Audi,Q6
Bolt / Green / Pet / Women,Audi,Q7
Bolt / Green / Pet / Women,Audi,Q8
Bolt / Green / Pet / Women,BMW,1 series
Bolt / Green / Pet / Women,BMW,116
Bolt / Green / Pet / Women,BMW,2 series
Bolt / Green / Pet / Women,BMW,2 series Active Tourer
Bolt / Green / Pet / Women,BMW,2 series Gran Tourer
Bolt / Green / Pet / Women,BMW,218
Bolt / Green / Pet / Women,BMW,225
Bolt / Green / Pet / Women,BMW,3 series
Bolt / Green / Pet / Women,BMW,3 series Gran Turismo
Bolt / Green / Pet / Women,BMW,316
Bolt / Green / Pet / Women,BMW,318
Bolt / Green / Pet / Women,BMW,320
Bolt / Green / Pet / Women,BMW,330
Bolt / Green / Pet / Women,BMW,4 series
Bolt / Green / Pet / Women,BMW,4 series Gran Coupé
Bolt / Green / Pet / Women,BMW,5 series
Bolt / Green / Pet / Women,BMW,5 series Gran Turismo
Bolt / Green / Pet / Women,BMW,520
Bolt / Green / Pet / Women,BMW,530
Bolt / Green / Pet / Women,BMW,530e iPerformance
Bolt / Green / Pet / Women,BMW,7 series
Bolt / Green / Pet / Women,BMW,745
Bolt / Green / Pet / Women,BMW,i3
Bolt / Green / Pet / Women,BMW,i4
Bolt / Green / Pet / Women,BMW,i5
Bolt / Green / Pet / Women,BMW,i7
Bolt / Green / Pet / Women,BMW,iX
Bolt / Green / Pet / Women,BMW,iX1
Bolt / Green / Pet / Women,BMW,iX2
Bolt / Green / Pet / Women,BMW,iX3
Bolt / Green / Pet / Women,BMW,iX40
Bolt / Green / Pet / Women,BMW,X1
Bolt / Green / Pet / Women,BMW,X2
Bolt / Green / Pet / Women,BMW,X3
Bolt / Green / Pet / Women,BMW,X4
Bolt / Green / Pet / Women,BMW,X5
Bolt / Green / Pet / Women,BYD,Atto 3
Bolt / Green / Pet / Women,BYD,D1
Bolt / Green / Pet / Women,BYD,Dolphin
Bolt / Green / Pet / Women,BYD,Han
Bolt / Green / Pet / Women,BYD,Qin Plus EV
Bolt / Green / Pet / Women,BYD,S2
Bolt / Green / Pet / Women,BYD,Seagull
Bolt / Green / Pet / Women,BYD,Seal
Bolt / Green / Pet / Women,BYD,Seal 5
Bolt / Green / Pet / Women,BYD,Seal 6
Bolt / Green / Pet / Women,BYD,Seal U
Bolt / Green / Pet / Women,BYD,Sealion 7
Bolt / Green / Pet / Women,BYD,Song L DM-i
Bolt / Green / Pet / Women,BYD,Song Plus Flagship EV
Bolt / Green / Pet / Women,BYD,Tang
Bolt / Green / Pet / Women,Chevrolet,Suburban
Bolt / Green / Pet / Women,Chevrolet,Volt
Bolt / Green / Pet / Women,Citroen,C3
Bolt / Green / Pet / Women,Citroen,C4
Bolt / Green / Pet / Women,Citroen,C4 Cactus
Bolt / Green / Pet / Women,Citroen,C4 Picasso
Bolt / Green / Pet / Women,Citroen,C4 SpaceTourer
Bolt / Green / Pet / Women,Citroen,C4 X
Bolt / Green / Pet / Women,Citroen,C5
Bolt / Green / Pet / Women,Citroen,C5 Aircross
Bolt / Green / Pet / Women,Citroen,C5 X
Bolt / Green / Pet / Women,Citroen,DS 7 Crossback
Bolt / Green / Pet / Women,Citroen,e-C4
Bolt / Green / Pet / Women,Citroen,e-SpaceTourer
Bolt / Green / Pet / Women,Citroen,Grand C4 Picasso
Bolt / Green / Pet / Women,Citroen,Grand C4 SpaceTourer
Bolt / Green / Pet / Women,Citroen,Jumpy
Bolt / Green / Pet / Women,Citroen,Spacetourer
Bolt / Green / Pet / Women,Cupra,Born
Bolt / Green / Pet / Women,Cupra,Formentor
Bolt / Green / Pet / Women,Cupra,Tavascan
Bolt / Green / Pet / Women,Dacia,Duster
Bolt / Green / Pet / Women,Dacia,Jogger
Bolt / Green / Pet / Women,Dacia,Sandero
Bolt / Green / Pet / Women,DS,7 Crossback
Bolt / Green / Pet / Women,DS,7 Crossback E-Tense
Bolt / Green / Pet / Women,DS,9 E-Tense
Bolt / Green / Pet / Women,Fiat,Scudo
Bolt / Green / Pet / Women,Fiat,Talento
Bolt / Green / Pet / Women,Fiat,Ulysse
Bolt / Green / Pet / Women,Fisker,Ocean
Bolt / Green / Pet / Women,Ford,C-Max
Bolt / Green / Pet / Women,Ford,Capri
Bolt / Green / Pet / Women,Ford,Explorer
Bolt / Green / Pet / Women,Ford,Focus
Bolt / Green / Pet / Women,Ford,Galaxy
Bolt / Green / Pet / Women,Ford,Grand C-Max
Bolt / Green / Pet / Women,Ford,Grand Tourneo
Bolt / Green / Pet / Women,Ford,Kuga
Bolt / Green / Pet / Women,Ford,Mondeo
Bolt / Green / Pet / Women,Ford,Mustang Mach-E
Bolt / Green / Pet / Women,Ford,S-Max
Bolt / Green / Pet / Women,Ford,Tourneo
Bolt / Green / Pet / Women,Ford,Transit
Bolt / Green / Pet / Women,Ford,Transit Custom
Bolt / Green / Pet / Women,Honda,CR-V
Bolt / Green / Pet / Women,Hyundai,IONIQ 5
Bolt / Green / Pet / Women,Hyundai,IONIQ 6
Bolt / Green / Pet / Women,Hyundai,IONIQ 7
Bolt / Green / Pet / Women,Hyundai,IONIQ 9
Bolt / Green / Pet / Women,Hyundai,Kona
Bolt / Green / Pet / Women,Hyundai,Santa Fe
Bolt / Green / Pet / Women,Hyundai,Staria
Bolt / Green / Pet / Women,Hyundai,Tucson
Bolt / Green / Pet / Women,Jaguar,I-Pace
Bolt / Green / Pet / Women,Jaguar,XE
Bolt / Green / Pet / Women,Jaguar,XF
Bolt / Green / Pet / Women,Kia,EV6
Bolt / Green / Pet / Women,Kia,EV9
Bolt / Green / Pet / Women,Kia,Sorento
Bolt / Green / Pet / Women,Lexus,ES
Bolt / Green / Pet / Women,Lexus,IS
Bolt / Green / Pet / Women,Lexus,NX
Bolt / Green / Pet / Women,Lexus,RX
Bolt / Green / Pet / Women,Lexus,UX
Bolt / Green / Pet / Women,Mercedes-Benz,C-class
Bolt / Green / Pet / Women,Mercedes-Benz,E-class
Bolt / Green / Pet / Women,Mercedes-Benz,EQA
Bolt / Green / Pet / Women,Mercedes-Benz,EQB
Bolt / Green / Pet / Women,Mercedes-Benz,EQC
Bolt / Green / Pet / Women,Mercedes-Benz,EQE
Bolt / Green / Pet / Women,Mercedes-Benz,EQS
Bolt / Green / Pet / Women,Mercedes-Benz,EQV
Bolt / Green / Pet / Women,Mercedes-Benz,GLA
Bolt / Green / Pet / Women,Mercedes-Benz,GLB
Bolt / Green / Pet / Women,Mercedes-Benz,GLC
Bolt / Green / Pet / Women,Mercedes-Benz,GLE
Bolt / Green / Pet / Women,Mercedes-Benz,S-class
Bolt / Green / Pet / Women,Mercedes-Benz,V-class
Bolt / Green / Pet / Women,Mercedes-Benz,Vito
Bolt / Green / Pet / Women,MG,ZS
Bolt / Green / Pet / Women,MG,ZS EV
Bolt / Green / Pet / Women,Nissan,Ariya
Bolt / Green / Pet / Women,Nissan,Leaf
Bolt / Green / Pet / Women,Nissan,Qashqai
Bolt / Green / Pet / Women,Nissan,X-Trail
Bolt / Green / Pet / Women,Opel,Astra
Bolt / Green / Pet / Women,Opel,Grandland X
Bolt / Green / Pet / Women,Opel,Insignia
Bolt / Green / Pet / Women,Opel,Zafira
Bolt / Green / Pet / Women,Peugeot,3008
Bolt / Green / Pet / Women,Peugeot,5008
Bolt / Green / Pet / Women,Peugeot,508
Bolt / Green / Pet / Women,Peugeot,e-Traveller
Bolt / Green / Pet / Women,Peugeot,Expert
Bolt / Green / Pet / Women,Peugeot,Traveller
Bolt / Green / Pet / Women,Polestar,2
Bolt / Green / Pet / Women,Porsche,Cayenne
Bolt / Green / Pet / Women,Porsche,Macan
Bolt / Green / Pet / Women,Renault,Espace
Bolt / Green / Pet / Women,Renault,Talisman
Bolt / Green / Pet / Women,Renault,Trafic
Bolt / Green / Pet / Women,Skoda,Enyaq
Bolt / Green / Pet / Women,Skoda,Kodiaq
Bolt / Green / Pet / Women,Skoda,Octavia
Bolt / Green / Pet / Women,Skoda,Superb
Bolt / Green / Pet / Women,Tesla,Model 3
Bolt / Green / Pet / Women,Tesla,Model S
Bolt / Green / Pet / Women,Tesla,Model X
Bolt / Green / Pet / Women,Tesla,Model Y
Bolt / Green / Pet / Women,Toyota,C-HR
Bolt / Green / Pet / Women,Toyota,Camry
Bolt / Green / Pet / Women,Toyota,Highlander
Bolt / Green / Pet / Women,Toyota,Prius
Bolt / Green / Pet / Women,Toyota,ProAce
Bolt / Green / Pet / Women,Toyota,RAV4
Bolt / Green / Pet / Women,Toyota,Yaris
Bolt / Green / Pet / Women,Volkswagen,Arteon
Bolt / Green / Pet / Women,Volkswagen,Caravelle
Bolt / Green / Pet / Women,Volkswagen,Golf
Bolt / Green / Pet / Women,Volkswagen,ID.4
Bolt / Green / Pet / Women,Volkswagen,ID.7
Bolt / Green / Pet / Women,Volkswagen,Multivan
Bolt / Green / Pet / Women,Volkswagen,Passat
Bolt / Green / Pet / Women,Volkswagen,Tiguan
Bolt / Green / Pet / Women,Volkswagen,Touran
Bolt / Green / Pet / Women,Volvo,S90
Bolt / Green / Pet / Women,Volvo,V90
Bolt / Green / Pet / Women,Volvo,XC40
Bolt / Green / Pet / Women,Volvo,XC60
Bolt / Green / Pet / Women,Volvo,XC90
Bolt / Green / Pet / Women,Xpeng,G6
Bolt / Green / Pet / Women,Xpeng,G9
Comfort,AIWAYS,U5
Comfort,Alfa Romeo,Stelvio
Comfort,Audi,A4
Comfort,Audi,A4 Allroad
Comfort,Audi,A4 Avant
Comfort,Audi,A5
Comfort,Audi,A6
Comfort,Audi,A7
Comfort,Audi,e-tron
Comfort,Audi,e-tron GT
Comfort,Audi,e-tron Sportback
Comfort,Audi,Q3
Comfort,Audi,Q4 e-tron
Comfort,Audi,Q5
Comfort,Audi,Q5 Sportback
Comfort,Audi,Q6
Comfort,Audi,Q7
Comfort,Audi,Q8
Comfort,BMW,3 series
Comfort,BMW,316
Comfort,BMW,318
Comfort,BMW,320
Comfort,BMW,330
Comfort,BMW,4 series
Comfort,BMW,4 series Gran Coupé
Comfort,BMW,5 series
Comfort,BMW,520
Comfort,BMW,530
Comfort,BMW,530e iPerformance
Comfort,BMW,7 series
Comfort,BMW,745
Comfort,BMW,i4
Comfort,BMW,i5
Comfort,BMW,i7
Comfort,BMW,iX
Comfort,BMW,iX1
Comfort,BMW,iX2
Comfort,BMW,iX3
Comfort,BMW,X3
Comfort,BMW,X4
Comfort,BMW,X5
Comfort,BYD,D1
Comfort,BYD,Han
Comfort,BYD,Seal
Comfort,BYD,Seal 5
Comfort,BYD,Seal 6
Comfort,BYD,Seal U
Comfort,BYD,Sealion 7
Comfort,BYD,Song L DM-i
Comfort,BYD,Song Plus Flagship EV
Comfort,BYD,Tang
Comfort,Fisker,Ocean
Comfort,Ford,Explorer
Comfort,Ford,Galaxy
Comfort,Ford,Mustang Mach-E
Comfort,Ford,S-Max
Comfort,Ford,Tourneo
Comfort,Honda,CR-V
Comfort,Hyundai,IONIQ 5
Comfort,Hyundai,IONIQ 6
Comfort,Hyundai,IONIQ 7
Comfort,Hyundai,IONIQ 9
Comfort,Hyundai,Santa Fe
Comfort,Hyundai,Staria
Comfort,Jaguar,I-Pace
Comfort,Jaguar,XE
Comfort,Jaguar,XF
Comfort,Kia,EV6
Comfort,Kia,EV9
Comfort,Kia,Sorento
Comfort,Lexus,ES
Comfort,Lexus,IS
Comfort,Lexus,NX
Comfort,Lexus,RX
Comfort,Lexus,UX
Comfort,Mercedes-Benz,C-class
Comfort,Mercedes-Benz,E-class
Comfort,Mercedes-Benz,EQB
Comfort,Mercedes-Benz,EQC
Comfort,Mercedes-Benz,EQE
Comfort,Mercedes-Benz,EQS
Comfort,Mercedes-Benz,EQV
Comfort,Mercedes-Benz,GLB
Comfort,Mercedes-Benz,GLC
Comfort,Mercedes-Benz,GLE
Comfort,Mercedes-Benz,S-class
Comfort,Mercedes-Benz,V-class
Comfort,Mercedes-Benz,Vito
Comfort,Nissan,Ariya
Comfort,Nissan,X-Trail
Comfort,Peugeot,5008
Comfort,Peugeot,508
Comfort,Peugeot,e-Traveller
Comfort,Peugeot,Expert
Comfort,Peugeot,Traveller
Comfort,Polestar,2
Comfort,Porsche,Cayenne
Comfort,Porsche,Macan
Comfort,Renault,Espace
Comfort,Renault,Talisman
Comfort,Renault,Trafic
Comfort,Skoda,Enyaq
Comfort,Skoda,Kodiaq
Comfort,Skoda,Octavia
Comfort,Skoda,Superb
Comfort,Tesla,Model 3
Comfort,Tesla,Model S
Comfort,Tesla,Model X
Comfort,Tesla,Model Y
Comfort,Toyota,Camry
Comfort,Toyota,Highlander
Comfort,Toyota,ProAce
Comfort,Toyota,RAV4
Comfort,Volkswagen,Arteon
Comfort,Volkswagen,Caravelle
Comfort,Volkswagen,ID.4
Comfort,Volkswagen,ID.7
Comfort,Volkswagen,Multivan
Comfort,Volkswagen,Passat
Comfort,Volkswagen,Tiguan
Comfort,Volvo,S90
Comfort,Volvo,XC40
Comfort,Volvo,XC60
Comfort,Volvo,XC90
Comfort,Xpeng,G6
Comfort,Xpeng,G9
Premium,AIWAYS,U5
Premium,Alfa Romeo,Stelvio
Premium,Audi,A4
Premium,Audi,A4 Allroad
Premium,Audi,A4 Avant
Premium,Audi,A5
Premium,Audi,A6
Premium,Audi,A7
Premium,Audi,e-tron
Premium,Audi,e-tron GT
Premium,Audi,e-tron Sportback
Premium,Audi,Q5
Premium,Audi,Q5 Sportback
Premium,Audi,Q6
Premium,Audi,Q7
Premium,Audi,Q8
Premium,BMW,3 series
Premium,BMW,316
Premium,BMW,318
Premium,BMW,320
Premium,BMW,330
Premium,BMW,4 series
Premium,BMW,4 series Gran Coupé
Premium,BMW,5 series
Premium,BMW,520
Premium,BMW,530
Premium,BMW,530e iPerformance
Premium,BMW,7 series
Premium,BMW,745
Premium,BMW,i4
Premium,BMW,i5
Premium,BMW,i7
Premium,BMW,iX
Premium,BMW,iX2
Premium,BMW,iX3
Premium,BMW,iX40
Premium,BMW,X3
Premium,BMW,X4
Premium,BMW,X5
Premium,BMW,X6
Premium,BMW,X7
Premium,BYD,D1
Premium,BYD,Han
Premium,BYD,Seal
Premium,BYD,Seal 5
Premium,BYD,Seal 6
Premium,BYD,Seal U
Premium,BYD,Sealion 7
Premium,BYD,Song L DM-i
Premium,BYD,Song Plus Flagship EV
Premium,BYD,Tang
Premium,DS,7 Crossback
Premium,DS,7 Crossback E-Tense
Premium,DS,9 E-Tense
Premium,Fisker,Ocean
Premium,Ford,Mustang Mach-E
Premium,Honda,CR-V
Premium,Hyundai,IONIQ 5
Premium,Hyundai,IONIQ 6
Premium,Hyundai,IONIQ 7
Premium,Hyundai,IONIQ 9
Premium,Jaguar,I-Pace
Premium,Jaguar,XE
Premium,Jaguar,XF
Premium,Kia,EV6
Premium,Kia,EV6 GT
Premium,Kia,EV9
Premium,Lexus,ES
Premium,Lexus,IS
Premium,Lexus,NX
Premium,Lexus,RX
Premium,Lexus,UX
Premium,Mercedes-Benz,C-class
Premium,Mercedes-Benz,E-class
Premium,Mercedes-Benz,EQB
Premium,Mercedes-Benz,EQC
Premium,Mercedes-Benz,EQE
Premium,Mercedes-Benz,EQS
Premium,Mercedes-Benz,EQV
Premium,Mercedes-Benz,GLB
Premium,Mercedes-Benz,GLC
Premium,Mercedes-Benz,GLE
Premium,Mercedes-Benz,S-class
Premium,Mercedes-Benz,V-class
Premium,Mercedes-Benz,Vito
Premium,Mitsubishi,Outlander
Premium,Nissan,Ariya
Premium,Polestar,2
Premium,Porsche,Cayenne
Premium,Porsche,Macan
Premium,Skoda,Enyaq
Premium,Tesla,Model 3
Premium,Tesla,Model S
Premium,Tesla,Model X
Premium,Tesla,Model Y
Premium,Toyota,Highlander
Premium,Toyota,Mirai
Premium,Vinfast,VF8
Premium,Volkswagen,Arteon
Premium,Volkswagen,California
Premium,Volkswagen,ID.7
Premium,Volkswagen,Tayron
Premium,Volkswagen,Transporter Multivan
Premium,Volvo,S60
Premium,Volvo,S90
Premium,Volvo,V60
Premium,Volvo,V90
Premium,Volvo,XC60
Premium,Volvo,XC90
Premium,Xpeng,G6
Premium,Xpeng,G9
XL,BMW,2 series Gran Tourer
XL,BYD,Tang
XL,Chevrolet,Suburban
XL,Citroen,C4 Picasso
XL,Citroen,C4 SpaceTourer
XL,Citroen,e-SpaceTourer
XL,Citroen,Grand C4 Picasso
XL,Citroen,Grand C4 SpaceTourer
XL,Citroen,Jumpy
XL,Citroen,Spacetourer
XL,Dacia,Jogger
XL,Fiat,Scudo
XL,Fiat,Talento
XL,Fiat,Ulysse
XL,Ford,Explorer
XL,Ford,Grand C-Max
XL,Ford,Grand Tourneo
XL,Ford,S-Max
XL,Ford,Tourneo
XL,Ford,Transit
XL,Ford,Transit Connect
XL,Ford,Transit Custom
XL,Ford,Turneo Custom
XL,Hyundai,Santa Fe
XL,Hyundai,Staria
XL,Kia,Sorento
XL,LEVC,TX
XL,LEVC,TX Vista
XL,Mercedes-Benz,E-class Limousine
XL,Mercedes-Benz,EQV
XL,Mercedes-Benz,EQV 300
XL,Mercedes-Benz,eVito Tourer
XL,Mercedes-Benz,GLB
XL,Mercedes-Benz,V-class
XL,Mercedes-Benz,V220
XL,Mercedes-Benz,V250
XL,Mercedes-Benz,V300
XL,Mercedes-Benz,Viano
XL,Mercedes-Benz,Vito
XL,Mercedes-Benz,Vito 114
XL,Mercedes-Benz,Vito 116
XL,Mercedes-Benz,Vito 119
XL,Mercedes-Benz,Vito 220
XL,Mercedes-Benz,VITO TAXI
XL,Mercedes-Benz,Vito Tourer
XL,MG,HS
XL,Mitsubishi,Outlander
XL,Nissan,X-Trail
XL,Opel,Vivaro
XL,Opel,Zafira
XL,Opel,Zafira-e
XL,Peugeot,5008
XL,Peugeot,e-Traveller
XL,Peugeot,Expert
XL,Peugeot,Expert Traveller
XL,Peugeot,Traveller
XL,Renault,Espace
XL,Renault,Grand Espace
XL,Renault,Grand Scenic
XL,Renault,Trafic
XL,Seat,Tarraco
XL,Tesla,Model X
XL,Toyota,Grand Highlander
XL,Toyota,Highlander
XL,Toyota,Prius Plus
XL,Toyota,ProAce
XL,Toyota,ProAce City Verso
XL,Toyota,ProAce Verso
XL,Volkswagen,Caddy
XL,Volkswagen,Caddy Maxi
XL,Volkswagen,California
XL,Volkswagen,Caravelle
XL,Volkswagen,ID.Buzz
XL,Volkswagen,Kombi
XL,Volkswagen,Multivan
XL,Volkswagen,Transporter Kombi
XL,Volkswagen,Transporter Multivan
XL,Volvo,XC90
Van,Citroen,e-SpaceTourer
Van,Citroen,Jumpy
Van,Citroen,Spacetourer
Van,Fiat,Scudo
Van,Fiat,Talento
Van,Fiat,Ulysse
Van,Ford,Tourneo
Van,Ford,Transit
Van,Ford,Transit Connect
Van,Ford,Transit Custom
Van,Ford,Turneo Custom
Van,Hyundai,Staria
Van,LEVC,TX
Van,LEVC,TX Vista
Van,Mercedes-Benz,e-Vito
Van,Mercedes-Benz,EQV
Van,Mercedes-Benz,EQV 300
Van,Mercedes-Benz,eVito
Van,Mercedes-Benz,eVito Tourer
Van,Mercedes-Benz,V-class
Van,Mercedes-Benz,V220
Van,Mercedes-Benz,V250
Van,Mercedes-Benz,V300
Van,Mercedes-Benz,Viano
Van,Mercedes-Benz,Vito
Van,Mercedes-Benz,Vito 114
Van,Mercedes-Benz,Vito 116
Van,Mercedes-Benz,Vito 119
Van,Mercedes-Benz,Vito 220
Van,Mercedes-Benz,VITO TAXI
Van,Mercedes-Benz,Vito Tourer
Van,Nissan,X-Trail
Van,Opel,vivaro-e
Van,Opel,Zafira
Van,Opel,Zafira-e
Van,Peugeot,e-Traveller
Van,Peugeot,Expert
Van,Peugeot,Expert Traveller
Van,Peugeot,Traveller
Van,Renault,Trafic
Van,Toyota,ProAce
Van,Toyota,ProAce City Verso
Van,Toyota,ProAce Verso
Van,Volkswagen,Caddy
Van,Volkswagen,Caddy Maxi
Van,Volkswagen,California
Van,Volkswagen,Caravelle
Van,Volkswagen,ID.Buzz
Van,Volkswagen,Kombi
Van,Volkswagen,Multivan
Van,Volkswagen,Transporter Multivan
